course_title,price
Bitcoin or How I Learned to Stop Worrying and Love Crypto,0.0
Accounting in 60 Minutes - A Brief Introduction,0.0
Stock Market Investing for Beginners,0.0
Introduction to Financial Modeling,0.0
The Complete Financial Analyst Course 2017,195.0
Forex Basics,0.0
Beginner to Pro in Excel: Financial Modeling and Valuation,195.0
Black Algo Trading: Build Your Trading Robot,200.0
Financial Analysis: A Recipe for Success,0.0
Stock Market Foundations,0.0
Financial Accounting - A Brief Introduction,0.0
Fundamentals of Forex Trading,0.0
Forex Trading A-Z™ - With LIVE Examples of Forex Trading,195.0
Learn to Trade for Profit:Trading with Japanese Candlesticks,60.0
Options Trading Introduction: Day Trade Stock Options,95.0
Introduction to Digital Payments,0.0
Introduction to Accounting: The Language of Business,20.0
Corporate Finance - A Brief Introduction,0.0
CPA 101: How To Master Affiliate Marketing In No Time,100.0
"Introduction to Finance, Accounting, Modeling and Valuation",200.0
Bitcoin For Beginners: Your Quick Start Guide To Bitcoin,0.0
Learn to Trade for Profit: Find and Trade Winning Stocks,95.0
Forex Robots: Expect To Earn 175% P.A. Forex Robot Included!,200.0
Beginners Binary Options Course,0.0
Finance - Ratios Analysis & Interpretations,30.0
Create A Business From Home Trading Stocks Today In 2017,75.0
Options Trading Basics (3-Course Bundle),180.0
Accounting & Financial Statement Analysis: Complete Training,150.0
Improve Your Financial Literacy,0.0
Forex Trading For Beginners,0.0
Stock Trading Ninja: Complete System For Trading Success,155.0
Trading Penny Stocks: A Guide for All Levels In 2017,150.0
How to Pick The Right Penny Stocks To Invest In 2017,150.0
Hedge Fund Trading System,0.0
The Complete Bitcoin Course: Get .001 Bitcoin In Your Wallet,45.0
The Complete Investment Banking Course 2017,195.0
Dividend Investing: Build Your Portfolio for a Better Future,60.0
The Advanced Forex Course for Smart Traders,0.0
Excel Crash Course: Master Excel for Financial Analysis,105.0
Financial Statements Made Easy,95.0
Algorithmic Trading In Forex: Create Your First Forex Robot!,185.0
Options Trading Stocks: Proven Toolbox For Financial Success,195.0
How To Start Trading Penny Stocks In 10 Easy Steps 2017,50.0
Basic Excel for Basic Bookkeeping and Accounting,95.0
Options Trading - How to Win with Weekly Options,115.0
【１日でマスター！】今日からはじめる資産形成,20.0
Get Started With Penny Stocks -Step by Step Guide to Trading,200.0
Learn to Trade the Stock Market without Blowing Your Profits,60.0
Website Investing 101 - Buying & Selling Online Businesses,0.0
Use Crowdfunding Effectively With Indiegogo and Kickstarter,0.0
"Elite Trend Trader: Learn To Trade Stocks, Options & Forex",125.0
Foundation of Options Trading and Investing,20.0
Four Fundamentals of Financial Planning,30.0
The Beginner's Guide to the Futures and Options Trading,0.0
Option Trading for Rookies: The Covered Call Option Strategy,95.0
Forex Basics (Professional Course Level),20.0
Shark Accounting - Building a Business by the Numbers!,20.0
Como Investir em Ações para Iniciantes,0.0
Monatlich Geld anlegen für später!,30.0
Introductory Forex Trading Course,0.0
Binary Options Course - Level 2,0.0
Basic Bookkeeping Hacks,20.0
Beginner to Pro in PowerPoint: Complete PowerPoint Training,150.0
How I Trade Forex Successfully,0.0
FastTrack to Stock Trading Strategies,25.0
"Silver, Gold, and Inflation",0.0
Learn Accounting. Understand Business.,200.0
Day Trading Market Structure Signals,0.0
"Forex Strategies: Kelly Criterion, Larry Williams and more!",185.0
Learn to Trade Forex Naked Price Action Big Shadow Trade,0.0
7 Deadly Mistakes of Investing that Will Slash Your Profits!,50.0
Investing 101: The Complete Online Investing Course,200.0
Options Trading 3 : Advanced Stock Profit and Success Method,195.0
Learn How to Trade Binary Options Professionally,0.0
Statistics - Measures of Dispersion for CA / CS / CFA exams,20.0
Small Business Owners: Drive a Productive Business and Grow,20.0
Trading for Beginners - Entry Level,0.0
Financial Model Basics: Build a model from start to finish,30.0
How to Win 97% of Your Options Trades,125.0
Crash Course on Cost of Capital and Capital Structuring,0.0
Financial Modeling for Startups & Small Businesses,195.0
Budgeting Hacks to Build Wealth!,0.0
Basic Technical Analysis: Learn the structure of the market,20.0
Guía práctica para comprar acciones en la Bolsa de USA,0.0
Futures/Commodity Training (Basics),0.0
Basics of Business Finance,30.0
Introduction to Equity Markets,0.0
Professional Trader's Mindset - Complete Forex Course,50.0
Business finances,75.0
Accounting: Get Hired Without Work Experience,100.0
Build a DCF Model from Scratch,0.0
Investment Crowdfunding 101 (a.k.a Equity Crowdfunding),0.0
Hands-on Financial Modeling (With 6 Excel Templates),30.0
EFT for Stock Options Trading Success & Making Better Trades,95.0
Practical Finance,20.0
Capital Structuring Techiques for CA / CFA / CPA Exams,125.0
Forex Trading Secrets of the Pros With Amazon's AWS,200.0
IAS 12 - Accounting for Income Taxes (Basics),0.0
VPS for Forex Trading - Protect Your Forex Robots,160.0
Introduction to the CFA Program,0.0
"Comprehensive Guide to Financial Markets, Investing &Trading",60.0
Finance for Non-Finance: Learn Quick and Easy,20.0
Trading for everyone - The Independent Investor Course I,120.0
TechniTrader Leading Hybrid Indicator Trading,20.0
Mergers and Acquisitions M&A Essentials You Need to Know,95.0
Accounting Basics in 66 Minutes (absolutely for beginners),25.0
Trading Options For Consistent Returns: Options Basics,0.0
Forex Trading Course: Work Smarter Not Harder Proven Results,195.0
Accounting Made Easy 2,50.0
Elliott Wave -Forex Trading With The Elliott Wave Theory,90.0
Create Your Own Hedge Fund: Trade Stocks Like A Fund Manager,175.0
Trading for Beginners - Intermediate Level,150.0
The Holy Grail of Auto Trading Forex Futures Stocks Revealed,50.0
Accounting Is Easy (for Beginners),20.0
How to Create Your Personal Budget,20.0
≪虎の巻≫証券取引の「税金のお悩み」解消,25.0
Python for Finance: Investment Fundamentals & Data Analytics,195.0
"Value Investing, Taught by Six Superinvestors",200.0
Introduction to Cryptocurrencies and Blockchain,0.0
Auditing Basics (Professional Course Level),25.0
"Binary, Forex, Stock and Bitcoin Trading Strategy",0.0
Cost Accounting Crash Course,20.0
MCA Accountancy and Financial Management -Paper MCS 35 IGNOU,180.0
Financial Management Risk and Return For Securities,30.0
Technical Analysis tools for Stocks and Options trading,40.0
Forex Trading MAKE YOUR FIRST TRADE TODAY!,150.0
Bitcoin for Accountants,0.0
Apply finance concepts for smart project management,0.0
Demystifying Your Personal Tax Return,0.0
Business Economics - Basics (College Level),50.0
Learn to Raise the Funds You Need via Crowdfunding,20.0
The Art Of Financial Valuation With Certificate,20.0
Startup Business: How To Raise Seed Capital,95.0
"Master 'Technical Analysis and Chart reading skills Bundle""",120.0
Trade Recap I - A Real Look at Futures Options Markets,20.0
Beginners Guide to Stock Market Investing,0.0
Hedge and Mutual Fund Careers: The Complete Guide,200.0
Introduction to Bookkeeping (Accounting),20.0
Forex Trading - Learn to Trade Forex Like the Banks,20.0
Start Trading Stocks Using Technical Analysis!,25.0
Crash Course on Working Capital Management,20.0
Stock market Investing Encyclopedia: How to invest in stocks,200.0
Forex & Financial Market Trading Tutorial- Online Strategies,0.0
Fundamentals of Investing!,20.0
Leasing - A Comprehensive Study (Professional Course Level),20.0
Accounting and Finance for Bankers - A Comprehensive Study,180.0
Accounting 101: How to read an Accounting Balance Sheet,200.0
"Multiply your returns using 'Value Investing"",https://www.udemy.com/multiply-your-returns-using-value-investing/,true,20,1942,19,63,All Levels,4.5 hours,2015-07-23T00:08:33Z
874284,Weekly Forex Analysis by Baraq FX""",0.0
Succeed in Futures Even if You Don't Know Where to Start,0.0
Trading Inside Bars - Master 1 Easy Pattern To Be Successful,125.0
Stock Options Day Trading Mindset for Success,200.0
Cash Flow Valuation: Develop Your Financial Literacy,105.0
Work From Home Online (Part/Full) : Trade Forex 4 Beginners,45.0
Forex: What's a Trend and When it is Strong and Reliable,0.0
CAIIB Advanced Bank Management (Part I),25.0
What Finance Job is for You? Explanation of 14 Finance Roles,200.0
B Com Accountancy I (Paper ECO 02 IGNOU),50.0
Accounting for Deferred Taxes (Professional Course Level),25.0
"Trading Stock Chart Patterns For Immediate, Explosive Gains",95.0
Cashflow Management for Small Businesses: A How To Guide,25.0
Learn how to double your Forex Trading Account in one trade,60.0
Adventure Capital: How to pay off debt,20.0
Option Trading for Rookies: Understand Options Completely,150.0
Learn MQL5: Build an 8-Currency Hedging Robot (MetaTrader 5),150.0
Learn Basic Concepts of Economics Step by Step - Complete,150.0
Complete GST Course & Certification - Grow Your CA Practice,75.0
Forex - Elliott Wave Theory with Fibonacci.,20.0
Introduction to Value Growth Investing,0.0
Cómo ganar dinero invirtiendo en bolsa,0.0
Project Funding Modelling (for Professionals),20.0
[Value Investing] Where White People Keep Their Money,200.0
The Blueprint for Successful Stock Trading,120.0
Trading Economic Indicators - Complete Trading System,50.0
Technical Analysis 101: Master the Basics of Trading,95.0
IAS 1-Presentation of Financial Statements,0.0
The Complete Chart Pattern Trading Course: A Proven Approach,200.0
Financial Management Capital Market Instruments,25.0
Excel 4 Accounting & Bookkeeping - Master Lookup Functions,35.0
Learn How to Start Small and Make It Big In Small-Cap Stocks,50.0
Introduction to bookkeeping and Accounting,35.0
Forex MetaTrader 4: Master MT4 Like A Pro Forex Trader,150.0
Financial Accounting: The Complete Introductory Crash Course,100.0
IAS 18 - Revenue,0.0
Succeed in Stocks Even if you Don't Know Where to Start,0.0
Basics of Economics (College Level),25.0
The Complete Ethereum Course: Get .01 Ether In Your Wallet,45.0
QuickBooks 2015 Training for Newbies,200.0
Learn How To Successfully Trade Stocks: In 5 Simple Steps,95.0
Accounting 1 Simplified for You,45.0
Free Options 101 - Basic of Call and Put Options in 1 Hours,0.0
CFA Corporate Finance Level 2,50.0
Beginner to Pro - Financial Analysis in Excel 2017,95.0
Save on Your Taxes,20.0
Cost Accounting Overheads (Professional Course Level),20.0
Forex Trading: Comprehensive & Concise Forex Trading Course,160.0
Working Capital Management for CA / CFA / CPA Exams,25.0
Business Analysis: Working with Use Cases,90.0
Live Account - ETF Trading System - Hacking The Stock Market,150.0
Financial modeling: Build a forward looking financial model,20.0
How I Make Consistent Returns Trading Options,200.0
Option Trading - How To Earn If You Can't Predict The Market,145.0
Forex Traders - Create Your First Trading Robot. No Coding!,200.0
Basics of Business Statistics (College Level),20.0
Excel functions to analyze and visualize data,20.0
Bitcoin - The Complete Guide,20.0
Short Selling: Learn To Sell Stocks Before The Fall,75.0
Risk Analysis - Capital Budgeting for CA / CS / CFA exams,20.0
"IAS37 - Provisions, Contingents Liabilities & Assets",0.0
Financial Modeling: Build a Complete DCF Valuation Model,95.0
Forex Rate -Why it fluctuates -for CA / CMA / CS / CFA Exams,20.0
Risk in Forex Transactions - for CA / CS / CFA exams,20.0
Charting for Beginners 101: Technical Analysis Demystified,45.0
Accounting Standards Basics (Professional Course Level),20.0
"High-Frequency Trading #1: Basics, History & Strategies",50.0
Option Spreads and Credit Spreads Bundle,180.0
Basics of Commerce A Complete Study,150.0
Accounting Bank Reconciliation Statement (College Level),20.0
QuickBooks Online: Complete Guide & Certification tips,50.0
Sensitivity & Scenario Analysis for CA / CFA / CPA Exams,20.0
How to Become a Financial Analyst from Scratch!,40.0
Financial Modeling for Business Analysts and Consultants,45.0
"IAS 16-Property,Plant and Equipment",0.0
Stock Market Leverage: How to Start Trading Options Wisely,95.0
Ultimate Investment Banking Course,200.0
IAS 10 - Events After Reporting Date,0.0
The Complete Value Investing Course: A Proven Approach,200.0
Beginners Forex strategy,0.0
"Using 'The Greeks To Understand Options""",50.0
"IAS 8-Accounting Policies ,Changes in Accounting Estimates",0.0
Interpreting financial statements,0.0
The Ultimate Guide to Dividend & Dividend Growth Investing,200.0
High performance Stock Trading using key Options techniques,40.0
WE WILL PAY YOU TO TRADE WITH US,20.0
"Forex Trading Secrets |MT4 Robot (EA) inside, no coding",150.0
Build A Career In Forex Trading- Learn Fundamental Analysis,200.0
Introduction to Corporate Finance (Mergers & Acquisitions),0.0
สอนเทรดไบนารี่ อ๊อฟชั่นอย่างง่าย,0.0
How To Set Up A Limited Company In The UK,0.0
Practical Accounts & Bookkeeping Automated Overview,20.0
IFRIC 13-Customer Loyalty Programmes (Revenue),0.0
Build a DCF Valuation Model,50.0
Stock Market: The Zero Risk Way of Investing,25.0
Financial Management - Ratio Analysis,20.0
Financial Management Budgeting Techniques,20.0
Accounting 101: Guide to Business Accounting,50.0
Collection of Advanced Options concepts for Options traders,40.0
Investing: How I Consistently Beat The Stock Market,200.0
Intermediate Options trading concepts for Stocks and Options,40.0
Financial Planning & Analysis: Building a Company's Budget,150.0
Accounting for Beginners : Learn Basics in under 1 Hour,50.0
Advanced Excel functions,20.0
Learn the basics of preparing accounting statements,20.0
Basics of Economics For Beginners A to Z - A Complete Course,170.0
Financial Management - A Complete Study,190.0
Learn to Trade The News,200.0
"Accounting Basics by Hector Garcia, CPA",0.0
Cost Accounting Marginal Costing Theory and Practice,20.0
"Intro to Investment Banking, M&A, IPO, Modeling + Free Book",60.0
Introduction to Accounting : Mastering Financial Statements,50.0
Stock Market Option Trading: How Sell Options For Premium,200.0
Accounting Standard 3 - An Analysis,25.0
The Tax Advantaged Investor: A Guide to Legal Tax Reduction!,0.0
How to Build a Massive Stock Portfolio from Zero!,200.0
Transfer Pricing A Complete Analysis,50.0
Financial analysis: Compare performance of companies,20.0
THE Forex Robot: Incredible ROI (Robot Included),200.0
MetaTrader4 Platform Training,0.0
Succeed in Forex Even if You Don't Know Where to Start!,200.0
Introducción a las Finanzas,30.0
Introductory Financial Accounting,80.0
The Almost Perfect Options Trading Strategy System - Unique,200.0
Forex for Beginners: Easy Forex Trading for Beginners,0.0
Cost Accounting Basics (Professional Course Level),20.0
Forex Trading vs Option Trading,95.0
First Steps to Trading the Forexmarkets : Technical Analysis,35.0
Forex Trading - Advanced Fundamental Analysis,20.0
Trading strategies with common sense technical analysis,75.0
Algorithmic Trading in MATLAB: WFAToolbox App GUI (Finance),20.0
Technical Analysis 101: Ten Primary Candlestick Reversals,95.0
Portfolio Management for CA / CS / CFA exams,20.0
How To Profit From Stock Market Volatility,0.0
Become A Forex Trader - Forex trading like a professional,0.0
High-Frequency Trading #2: Market Structure & Instruments,50.0
Accounting 101: Learn Business Finance Forecasting in 60mins,95.0
Technical Analysis 101: How to Profit During Market Crashes,95.0
CurrencyFair - Avoid Bank Charges when converting currencies,0.0
"Binary Options: Trading Strategies, 90% Accuracy and Signals",195.0
Tax Strategy: Financial Planning for Beginners,200.0
Forex Trading using professional indicators by TOP traders,200.0
Optimizing investment to maximise your return,0.0
Forex Trading For Beginners: Technical Trading,0.0
How to Trade Binary Options Effectively – All Levels,195.0
The Power Modeling Bootcamp: Advanced Excel in 10 Days,150.0
Invierte en la Bolsa Mexicana y de USA,200.0
Learn to Trade Forex and Stocks: From Beginner to Advanced,200.0
How to Invest in Stocks + Billionaire Investing Tips,40.0
The Complete Forex Trader,25.0
How to Invest in Startups - Expert Reveals Winning Secrets.,0.0
Build Financial Models & Value Companies The Easy Way,20.0
Basics of investing in Mutual Funds,20.0
Stock Options Trades Using Interactive Brokers,95.0
How I Learned Stock Trading (and How You Can Too),200.0
Trading Binary Options for Fun and Profit,20.0
Introducción al trading de opciones,100.0
Venture Capital. What is it and Why it Matters to You!,50.0
Fundamentals of Accounting,20.0
NPV and IRR Techniques for CA / CFA / CPA Exams,20.0
Understand Banks & Financial Markets,30.0
Cost Accounting Labour Costing (Professional Course Level),20.0
Investing And Trading For Beginners: Mastering Price Charts,65.0
Advanced Accounting A Complete Study for CA / CMA / CFA / CS,150.0
Certificate Program In Management Accounting,50.0
The Actuarial Profession: Basic Sciences and Principles,25.0
Ultimate Stock Market Investing: Learn How to Value Stocks,50.0
Options Trading 101: The Basics,0.0
Trend Traders Club: How To Find And Trade Fast Moving Trends,75.0
Algorithmic futures trading - Investing with no experience,195.0
Valuation of Goodwill for CA / CFA / CMA Exams,20.0
How to Start Investing: Made Simple and Easy,200.0
How to Build a Massive Retirement Plan from Scratch!,200.0
TRADING MARKET MAP,45.0
The Most Powerful Options Spread Trading Front Ratio Spread,200.0
Introduction to Financial Statement Analysis,20.0
Learn How to Play CashFlow Game,35.0
Interpreting Financial Statements,20.0
Accounting 2 Simplified for You,45.0
SAP FICO For Beginners - A Guide to SAP Financial Accounts,100.0
Take Control By Learning The Stock Market Now,30.0
"Accounting Superpowers: Learn Accounts, Understand Business!",200.0
How to Consistently Win Trading Stocks in 30 Days or Less,145.0
Forex Trading - Learn to Trade From Scratch!,20.0
Get Acquired: Learn From The Head Of Acquisitions For eBay,195.0
Learn How to Set Up an Incubator Hedge Fund - Step-by-Step,200.0
TRADING TRUTHS,50.0
Essentials of Finance and Investment in 2 hours,20.0
Option Trading: How to Adjust Delta-Neutral Strangles!,145.0
CFA: Fast Track your career in Finance,20.0
Trading Options With Money Flow,200.0
Financial Statements Basics,20.0
Financial modeling: Build a DCF equity valuation model,20.0
MQL4 Programming for Traders: Build Robust Trading Robots!,195.0
Surviving Introduction to Finance,0.0
Practical Accounts APP Overview,20.0
Options Trading Essentials: The ULTIMATE Guides,0.0
MBA Accounting and Finance for Managers(Paper MS04 of IGNOU),150.0
Master Iron Condors - Double the credit for half the risk,60.0
Financial Modeling in Excel for Startups,50.0
The Complete Guide to Forex Trading,20.0
How to start a successful career in finance?,0.0
Forex SOS Course: Trading Tweaks And Working Forex Strategy,50.0
The Complete Position Trading Course: Position Trading Stock,45.0
Accounting for School Students,30.0
Trading: Basics of Trading for Beginners,140.0
Forex Prep Academy for Beginners-Real trades!,75.0
Small Biz Doers' Guide to Small Biz Accounting + Bookkeeping,20.0
Gestão Financeira Para Pequenas e Médias Empresas,115.0
Accounting 102: Guide to Business Accounting,50.0
Curso de Day Trader para Iniciantes,0.0
MQL4 Tutorial Bootcamp - Trading Robot Coding in Metatrader4,30.0
How To Maximize Your Profits Trading Options,200.0
Option selling trading as income source. Beginners friendly,195.0
Advanced Stock Options for Serious Equity Investors!,200.0
Bookkeeping Made Easy,70.0
Advanced Accounting for Investment Banking,50.0
Debt Collection Management: Get Paid On Time EVERY TIME!,20.0
Media Training for Financial Service Professionals,20.0
Advanced Options Trading Course,40.0
How to Trade Commodity and Financial Futures for a Living!,200.0
How To Invest With Tiny Capital In Stocks ?,20.0
Financial Statements Analysis: Learn to Invest Like a Pro!,50.0
Introducción a la Contabilidad,30.0
CryptoArbitrager: Bitcoin Trading Robot (no mining),150.0
Financial Ratios Using Excel,100.0
Accounting Department's Tips & Tricks - Beginner to Advanced,95.0
Investment Banking: How to Land a Job on Wall Street,75.0
Trading Options For Consistent Returns: Calendar Spreads,200.0
No Bull Investing: Investing 101 For Financial Freedom,100.0
Trend Following Stocks: A Complete Trading System,95.0
Succeed in Lotto Even if You Don't Know Where to Start!,20.0
FOREX : Learn Technical Analysis,200.0
Three Steps Trading - Live Trading - Real Account,190.0
Get out of Debt - The Power of Using Compounding Interest,50.0
Learn about it,20.0
CFP - Introduction to Financial Planning,30.0
A Value Investing Approach to the Stock Market,20.0
Tradeonomics - Four Steps to Mastering Economic Indicators,20.0
Finding an Unlimited Amount of Investors,80.0
Trading News Using Binary Options,145.0
Mastering Futures Options for Beginners - Your Top 5 Plays!,200.0
Fund Flow Analysis for CA / CFA / CPA Exams,25.0
Ultimate Retirement: Build Your Own Dynamic Retirement Plan,50.0
The Securities Trade Lifecycle,50.0
Building Financial Statements in Excel,35.0
Finance and Accounting for Startups,50.0
Invest Like a Pro!,200.0
How to Become an Accountant from scratch!,40.0
Business Accounting Made Easy,50.0
Studying the CFA Program exams (Mandarin language version),0.0
Forex Killing Divergence - How to trade with precision,20.0
Python Algo Stock Trading: Automate Your Trading!,95.0
Double your Forex Account using the MAGIC MA trading robot,65.0
How to become a successful day trader,95.0
Investing in stocks: Avoid stock market loss,125.0
Awaken the Accountant in You | Master the Accounting Basics,35.0
Learn To Invest In Index Funds and ETFs In 7 Easy Steps,20.0
Accounting Basics - A Complete Study,180.0
Trading Robot Forex Programs in Your Sleep in Live Examples!,200.0
IPO Fundamentals,20.0
The Binary Institute - Introductory Course in Binary Options,0.0
Stock Market investment: Practical Accounting,125.0
Bulletproof Personal Finance: Expert Asset Allocation,45.0
build a solid foundation for trading options,20.0
Succeed in Bonds Even if You Don't Know Where to Start,200.0
Options Trading - Calendar Spread Course for Every Trader,200.0
"How to Fund your Million Dollar Idea: Equity, Debt, Unfund",50.0
Learn to Pick the Right Stock Broker Account,40.0
"Investing Internationally into Real Estate, Stocks and Bonds",200.0
Use the Magic Multiple Moving Average Forex Trading system,50.0
Profitable binary option trading strategy,195.0
Investing in Stocks? Master The Art of Covered Calls Selling,80.0
"Trading Seasonal Price Patterns in Stocks, Futures, & Forex!",200.0
Financial Modeling - Build Your Own 3 Statement Projection,20.0
Stock Market investment:Non financial fundamental analysis,125.0
Learn Wave accounting to maintain books properly,0.0
Complete Trading Plan Course for Stocks & Forex (10 Hours),200.0
Forex Scam: Avoid the scam today,20.0
Financial Modeling 101,0.0
Penny Stocks King: How 2 really Trade Penny Stocks (6 Hours),200.0
Bank Financial Management A Comprehensive Study,50.0
Your First Successful Forex Trades - With Case Studies,200.0
Intro to Financial Modeling,105.0
7 Steps: Your Introduction to Trading,25.0
1. Principles of Simple Interest,20.0
Corporate Finance 101: Equity Valuation,50.0
Mental Models For Wall Street - Become A Better Trader,0.0
Grundlagen der finanziellen Unabhängigkeit,0.0
Emini ES Futures - Advanced Non Directional Options Trading,200.0
Quantitative Aptitude for Banking & Competitive Examinations,50.0
How to Read a Balance Sheet,50.0
Simple things you must know before start FOREX (OFFER),200.0
Situational Trading: Proven Option Strategy for any Scenario,200.0
"RSI, Options Trading & Technical Analysis (3 Course Bundle)",200.0
Certificate Program in Financial Accounting,50.0
Learn About Trading Options from a real wallstreet trader,20.0
Revealed: Profitable Principles of Successful Traders,25.0
Basics of Mutual Funds for CA / CMA / CS / CFA Exams,125.0
Developing A Trading Strategy: Your Guide to Trading Success,20.0
The Complete Short Course on Ethereum,200.0
Trading Strategies: Find The Trading Strategy That Fits You,20.0
"Tax Accounting: Difficult Topic, Made Easy to Understand",200.0
Penny Stocks Value & Chart Pattern Trading (2 Course Bundle),200.0
Build a Trading Comps Valuation Model,50.0
Mastering High Probability Iron Condor Options Trading,200.0
How to be a Profitable Forex Trader,20.0
61% Profit In 1 Month - Crush Your Forex Trading Paradigm,20.0
Forex Trading: Your Complete Guide to Get Started Like a Pro,140.0
Chart Patterns Trading Demystified,200.0
Learn Call Options and Put Options - Introduction to Options,60.0
Tape Reading: Learn how to read the tape for day trading,195.0
"Economics: Competition, Elasticity, a little Game Theory",50.0
An Intro into Trading the Financial Markets,100.0
Leaps Options Trading System - Diagonal Leaps Options Spread,200.0
Forex Trading for Beginners - Basics,50.0
Learn How to Trade The Stock Market,20.0
MQL5 Tutorial Bootcamp,20.0
TRADING PSYCHOLOGY: Trading Mindset Mastery,120.0
Direction-Independ Trading - Elite Forex Traders Strategy,120.0
"Advanced Options Concepts - Probability, Greeks, Simulation",60.0
Corporate Finance 101: Financial Statement Analysis & Ratios,50.0
Preparation of Consolidated Financial Statements (Basic),0.0
Forex: Learn to Trade Forex and FX Consistently,50.0
トレーディングビュー徹底攻略2017年版,55.0
TRADING TACTICS,145.0
Finance for Non Finance Executives,180.0
Naked Put Options Trade Covered Call & Poor Man Covered Call,200.0
A Beginner's Guide to Quantopian Futures API,20.0
Binary Beginners Mastery Strategy.,0.0
Public Speaking: You Can Give Great Financial Presentations,20.0
Candlestick Analysis For Professional Traders,95.0
The Complete Financial Statement Analysis Course,150.0
Technical Analysis 101: Secrets of Trading Revealed,150.0
Accounting Books of Accounts (College Level),20.0
Non Directional Weekly Options Trading System - ETF & Emini,200.0
Banking Credit Analysis Process (for Bankers),180.0
Seeing the Big Picture: Understanding Financial Statements,50.0
Accounting for CA CPT Exams Part I,50.0
Investing In Stocks With 10 Simple Rules,95.0
Successful Day Trading with Fibonacci,200.0
自分に合った投資信託を見つけよう！,25.0
Bookkeeping Basics: Understand the Fundamentals,75.0
"Financial Accounting, its Cycle, Statements & Analysis",20.0
Raise Your Credit Score to 800 Or More....,50.0
Excel Dashboard - Interactive Excel Dashboard and Charts,30.0
Learn to Reliably Invest In The Stock Market,50.0
Straddle Options Trading - Profit in Any Market Direction,200.0
Analysis of Company Financial Statements,20.0
CFA® Level 1 2014 – Alternative Investments,30.0
A Beginners Guide to Technical Analysis of Stock Charts,40.0
2 Easy Steps To Investment And Avoiding Traps,20.0
The Only Investment Strategy You Need For Your Retirement,200.0
ProTrader -  Advanced Technical Analysis,125.0
Stock Market - Swing Trading Strategies for Wall Street,50.0
Forex para Principiantes-Ejemplos en VIVO de Trading Real,140.0
Simple Linear Regression Analysis ( A Complete Course ),200.0
Option Trading for Rookies: Basic Option Strategies,95.0
Winning Forex Trading with Live Forex Trading Examples,200.0
Crystal ball trading - foresee price with seasonal patterns,145.0
Value Investing For Beginners,100.0
Triple P Trading Course,20.0
Aprende a invertir y deja que tu dinero trabaje para ti,145.0
Step by step guide to understand how business perform,20.0
العلوم والمبادئ الأساسية للمهنة الإكتوارية,25.0
Weekly Options and study of Options expiration dynamics,60.0
Straddles and Strangles - Volatility moves in any direction,60.0
Learn How to Trade Pump and Dumps. 5 Setups Well Explained.,50.0
The Day Trader: Learn to Trade The Stock Market and Forex,20.0
Financial Statement Fundamentals for Small Biz & Investors,30.0
Forex trading Basic to advance Professional Level course,20.0
Making Tax Digital - UK HMRC Legislation Explained,0.0
Learn Business Finance: Win more work as a Business Coach,20.0
Learn to Trade for Profit: Ten Most Profitable Trading Rules,95.0
Fixed Income Securities,50.0
"Backspreads, Diagonals and Butterflies - Advanced Strategies",60.0
Cost Accounting Operating Costing(Professional Course Level),20.0
"Get to know the VIX Index (aka 'The Fear Index)""",60.0
Get a Credit Repair Publication On Amazon and Live LIFE..,20.0
Master Finance in Three Hours,20.0
Stocks: Quick Method to get started Investing,0.0
Basics of Tax in India  (College Level),20.0
Learn how to INVEST for huge profits or make it big trading!,50.0
ビットコイン生態系｜既存通貨が主役をやめる日,20.0
Introduction to Futures & Options,50.0
Automate Your Finances,20.0
Tudo sobre Investimentos em Renda Fixa,45.0
Bookkeeping to Command Senior Bookkeeping Wages,55.0
Forex Trading Like Banks – Step by Step with Live Examples,195.0
"How to remove 'Risk from Penny Stocks - Options Trading""",200.0
Hedge Fund Accounting and Valuation,20.0
Essential Finance For Managers,25.0
Top 10 Trading Ideas in the Equities Market,20.0
How to Buy Cheap Options - Options Trading Pricing Model,200.0
Financial modeling: Build a multiples valuation model,20.0
Navigate the 10-K and Other Financial Reports,40.0
Comprehensive Forex Mastery Program,45.0
Aprende a invertir sin capital,130.0
Stock Markets: How I Became Rich By Changing How I Trade,20.0
Python for Trading & Investing,95.0
The Cost of Capital: The Key To Attract Venture Capitalists,50.0
Trading Trends in ANY Market,30.0
"Professional Options Trading, Simplified",200.0
Crowdfunding to Win,40.0
Professional Trading - Consistent Profits with Low Risk!,20.0
Options Spreads Bundle-  the heart of Options Trading,120.0
Forex Elite Trading,85.0
CFA Corporate Finance Level 1 (Part 1),180.0
Take Your Career to the Next Level with MBA Finance,50.0
Introduction to Options - Strategies For Consistent Profits,40.0
Capital Market Immersion,195.0
Kostenrechnung lernen leicht gemacht,40.0
"Forex Trading with Fixed 'Risk through Options Trading""",200.0
The Basics Of Volume Analysis,60.0
Tax Preparation: Learn Fast! Prepare Taxes with Confidence!,200.0
CREDIT SPREAD SURGERY - Bear Call and Bull Put Mastery,60.0
ALGOTECH Hedge Fund Method for Stock Market Trading,20.0
Indian Contract Act 1872: Must for all Finance Professionals,20.0
Samuel and Co Trading - Stock & Forex Trading,50.0
The Financial Analyst Skills Training (FAST) course 2017,100.0
Basics of Finance and Budgeting,20.0
Stock Market for Beginners - Complete Starter Toolkit,120.0
Accounting for Depreciation (Collage Level),20.0
3. Compound Interest,20.0
Quantitative Trading Analysis with R,50.0
How to Copy the Best Traders on Etoro,90.0
A Complete Guide to Becoming a Trader on the Forex Market,25.0
Trade Forex 13 Patterns - Golden Ratios Secret Revealed,200.0
Professional Bookkeeping & Accounting 1: Sales & Purchases,35.0
How To Confidently Join The Bitcoin Revolution,45.0
Commercial Credit Analysis,50.0
Forex - Calculate Lot Size Like Pro,20.0
Master Calendar Spreads with this live trade on Gold (GLD),60.0
Trade Pullback Candlestick Strategy - Make Consistent Pips,200.0
Forex Breakout Profits: The Definitive Guide,25.0
Learn About Bitcoin and Bitcoin Mining,20.0
Chartered Financial Analyst (CFA) - Level 1 - FRA,30.0
Contango VXX - ETF Options Trading - Double Your Investment,200.0
Forex Trading Profitably,20.0
Working Capital Management for Entrepreneurs,20.0
Option Trading for Rookies: Make & Manage Profitable Trades,95.0
"Accounting, Finance and Banking - A Comprehensive Study",180.0
财务分析与估值建模入门,0.0
How to Trade Forex like a Hedge Fund: Long FX Strategies,115.0
Cost Accounting - A Comprehensive Study,180.0
Basel Norms (Basel 1/ Basel 2/ Basel 3) Simplified,40.0
Capital Market Road Map,50.0
Pin Bars: The Most Powerful Forex Trading Signal,200.0
Easy Market Profits: 3 Step Stock Investing Strategy,20.0
Interest Rate Swaps,50.0
FOREX Trading with Price Action,195.0
TRADING FOR A LIVING: Trading Full-Time Transition Guide,195.0
Asset Protection Using Offshore Companies,20.0
Bitcoin Investing: The Complete Buy & Hold Strategy,25.0
Futures/Commodity Trading,50.0
Finanzielle Unabhängigkeit-1: Erste Schritte zur Million,20.0
SEASON 2 MQL4 Tutorial Bootcamp - Metatrader4 Trading Robots,25.0
Create Your Own Automated Stock Trading Robot In EXCEL!,150.0
"Options Foundation - Time Decay, Implied Volatility, Greeks",60.0
Technical Analysis - A practical approach for trade entry,60.0
Binary Options Beginners Guide : Nadex,40.0
Python Algo Trading: FX Trading with Oanda,200.0
Cost Accounting and Financial Management - A Complete Study,150.0
Buchführung lernen leicht gemacht,40.0
Double Entry Bookkeeping,50.0
Proven Methods In Trading Candlestick Patterns,75.0
Bitcoin - Ethereum: Trading -Watch me manage my own account!,165.0
Equity Products,50.0
Accounting for everyone!,35.0
The Smart Option Trader,45.0
Stock Technical Analysis with Python,50.0
How to Grow your Small Business and not run out of Cash,25.0
Fundamental Financial Math,50.0
Cost of Capital and Weighted Average Cost of Capital,0.0
Matemática Financeira de um jeito fácil,95.0
The Ultimate Fibonacci Trading Plan for Forex and Stocks,200.0
"Technical Analysis Primer for trading Stocks, Bonds & Forex",50.0
Yield Curve Dynamics,50.0
Life Coach Business Basics: Finance and Operations,195.0
Equity Swaps,50.0
Curso Completo de Bitcoin - Ganhe 0.00005 Bitcoin,30.0
Portfolio Management CFA L1 2016,20.0
Complete Claritas Investment Certificate,50.0
Finanzielle Unabhängigkeit-2 Millionär werden mit Investment,20.0
The Intelligent Investor,30.0
Contabilidad rápida y eficaz,40.0
Mortgage Backed Securities,50.0
MasterClass-Japanese & Heiken Ashi CandleStick Patterns,195.0
TRADING: 5K CHALLENGE,55.0
Advanced Financial Management for CA / CS / CFA /CPA Exams,150.0
"Bitcoins - Past, Present, Future",20.0
الدروس التعليمية لسوق الفوركس والأسواق المالية الأخرى,0.0
Cryptocurrency Trading: Complete Guide To Trading Altcoins,95.0
Winning Options Trading System,105.0
Bitcoin Peer Investing: How To Generate Double Digit Returns,25.0
How I Make Money Writing About Stocks Online,195.0
Curso Completo del Mercado FOREX,200.0
How to Build Profitable FOREX Automated Trading Strategies!,200.0
188% Profit in 1Year - Forex ALGO Robot Trading no indicator,120.0
Stock Technical Analysis with R,50.0
High Probability Trading Across Any Market: Stocks & Forex,95.0
Professional Forex strategy,50.0
Level 1 2014 CFA® Program – Equity Investments,40.0
Professional Trading With Institutional Supply & Demand,200.0
The Passive Investing Blueprint - Build Wealth Passively,200.0
¡Triunfar en La Bolsa de Valores No Requiere de Experiencia!,0.0
Stock Trading: Ultimate Guide to swing trading stocks,200.0
Curso Completo de Opciones Binarias: Estrategias 90% Acierto,145.0
Day Trading - Learn to Day Trade / Swing Trade In One Hour.,95.0
Law Matters,20.0
Finanzielle Unabhängigkeit-3 Millionär werden mit Immobilien,20.0
Mastering Technical Analysis : Maximizing Trading Profits,60.0
"An Introduction: MT4 Email, Sound, Notification Forex Alerts",20.0
4 Easy Daily Forex Trades: A Recipe for Trading Success,200.0
Robots de Forex: espere ganar 175%p.a! Incluye Robot de Fx!,130.0
Build your own Naked Trading Forex Robot,40.0
Investment Portfolio Analysis with R,50.0
MQL4 Bootcamp Tutorial- Trading Robot Coding in Metatrader4,20.0
Forex Harmonic Trading- With Multiple Forex Chart Examples,135.0
Trading: From Wall Street to Your Street,50.0
10. Bonds and Bond Pricing,20.0
How to create a routine Trading,25.0
Learn Accounting by Specific Examples - Part 1,50.0
Bitcoin Trading 101,95.0
Trade for Profit: Find-Trade Stocks Successfully Arabic عربي,95.0
Learn How to File Taxes for Uber and Lyft Drivers,40.0
Python Algo Trading: Sentiment Trading with News,200.0
Trade for a Living,20.0
Learn To Trade The Forex Naked Price Action Acapulco Trade,70.0
Inversión: Fundamentos del Trading para Principiantes,125.0
Bitcoin - A Comprehensive Guide,20.0
６時間でインターバンク市場を攻略！最短距離でトレード基礎力,35.0
Trade the News in Forex: EA Robot Included,200.0
Wealth Management,30.0
Accounting Made Easy: A Quick Guide to Financial Accounting,95.0
1 - Concepts of Statistics For Beginners Step by Step,200.0
FOREX TRADING - Learn in a quick + profitable way + support,100.0
Contabilidad Gubernamental en México,30.0
"Investing In Stocks For Big Gains, Fundamental Investing",200.0
Investment Banking Operations : Securities Trade Life Cycle,30.0
Buying Call and Put Options - Options beginner strategies,60.0
Beginners Guide To Ichimoku Trading,20.0
Learn to Trade for Profit: Finding Winning Stocks - Chinese,95.0
Accounting Concepts For Technocrats,20.0
entiende la contabilidad y consigue un aumento de salario,20.0
Quantitative Trading Analysis with Python,50.0
"Financial Analysis, from Scratch to Professional!",65.0
Learn to Trade With Fibonacci Tools,30.0
How to invest in Gold,50.0
Financial Modeling and Valuation: Complete Beginner to Pro,50.0
Mortgage Acceleration,20.0
"Trading Mindset, and Three Steps To Profitable Trading",20.0
Contabilidad Financiera: Conoce el Lenguaje de los Negocios.,20.0
Learn Quickbooks to maintain books properly,20.0
4. Ordinary Simple Annuities: The Basics,20.0
Financial Modelling for entrepreneurs,20.0
From 0 to 1: Investments and Portfolio Theory,50.0
Zoho Books Gestion Financière d'Entreprise pas à pas,0.0
The Complete Guide to Professional Trading with Elliott Wave,115.0
Stock Trading Strategies Using a D.A.R.T.,20.0
CFA Level I Foundation: Introduction to Financial Reporting,50.0
"Build, Grow, and Protect Your Assets: A Step-by-Step Guide",195.0
Financial Modeling for Professionals in 1 Day!,200.0
Level 1 2014 CFA® Program – Derivatives,40.0
8. Amortization Schedules,20.0
"Geld verdienen mit dem Ticken der Uhr, wie Warren Buffett!",195.0
The Big Volatility Short: The Best Trade On Wall Street!,200.0
From 0 to 1: Bond Theory and Valuation,50.0
Forex Trading - Learn An Effective Forex Trading Strategy,95.0
Financial Statements: Learn Accounting. Unlock the Numbers.,40.0
Easy Forex and Futures Trading,100.0
Fundamentals of Accounting for Business Owners,20.0
Technical Trading and Investing Made Easy,40.0
Day Trading in Stocks: Strategies for Beginner Investors,50.0
Technical Analysis Using Elliott Wave Theory,60.0
The Complete Financial Model Builder Course-Build 7 Models,75.0
Forex - Catch the Big Market Moves in Forex,20.0
Essential Options: Strategies for Mastering the Stock Market,50.0
Numbers for the Business Plan,20.0
Investment Portfolio Analysis with Python,50.0
TRADER BOT: Introdução à Linguagem MQL5,20.0
Tax Strategies of the Wealthy,195.0
Become a Career Day Trader: Asian-Pacific Futures Markets,20.0
The Fundamentals Of Finance For Non-Finance Professionals,40.0
Stock Fundamental Analysis with Excel,50.0
Trading Algorítmico en Forex: Crea tu primer Robot de Forex!,170.0
Введение в Финансовую Инженерию,50.0
9. Sinking Funds,20.0
My Forex Strategy that win consistently over and over,200.0
Level 1 2014 CFA® Program – Corporate Finance,40.0
Investimento em Ações para Leigos,20.0
Credit Risk Analysis,20.0
Introducción a la contabilidad,20.0
Volatility Trading Analysis with R,50.0
Advanced Finance and Accounting for Startups,40.0
How to Read Financial Statements: Build Financial Literacy.,25.0
Apprendre à trader sur le marché du Forex - guide complet,140.0
"Wie Du, Dir auch mit kleinen Beträgen ein Vermögen aufbaust",70.0
Ultimate Guide To Trading Engulfing Candlestick Strategy,200.0
Learn Global Macro Trading & Investing for Retail Investor,75.0
The Everyday Investor: Building Wealth with Venture Capital,20.0
Learn How To use Channels to find amazing Forex Entries,45.0
How to Make IT Work Successfully in Capital Markets,50.0
6. Annuities Due and Deferred,20.0
Introduction to Small Business Accounting Training Tutorial,25.0
Learn Bookkeeping From Scratch,20.0
Trading for winning,200.0
Financial Translation,20.0
Trading Biotech Stocks - Understanding the Healthcare Sector,55.0
Financial Accounting For Beginners,60.0
Learn to Trade Forex Naked Price Action Wammie Trade,40.0
Credit Repair from a Financial Institution,20.0
Stock Technical Analysis with Excel,50.0
CFA Level I Foundation Course: Introduction to Quants,50.0
Learn to trade Candlestick Patterns,20.0
Investment Portfolio Analysis with Excel,50.0
Global Macro Investing - Take Control Of The World's Markets,30.0
Get to grips with the CFA calculator,20.0
Advance Technical Analysis,50.0
CFA® Level 1 2014 – Financial Reporting and Analysis,50.0
FOREX: From Zero To Hero,150.0
Forex Trading Masterclass - Learn To Trade Better,200.0
Aprenda a Investir seu Dinheiro,85.0
Visualizing Data,40.0
CFA® Level 1 2014 – FI,40.0
Aprende a hacer paper trading (simulación) con Ninja Trader,25.0
CFA Level I Workshop 1: Ethics and Quantitative Methods,20.0
Stock Market for Beginners. Learn to trade,35.0
Monetizing Your Website: How to Add Cost-Per-Action (CPA),35.0
CFA Level I Workshop 4: Fixed Income and Equity,20.0
株式投資に必要なスキルの学習手順を学ぶ,20.0
Forex Trading: Strategia Correlazione EUR/GBP vs GBP/USD,50.0
Learn To Invest In 7 Steps,50.0
Forex Trading,95.0
Forex trading with binary options,25.0
Stock Market Mastery,20.0
MQL4 Tutorial Golden Goose,20.0
Economics - CFA Level 1 - 2014,20.0
* An Integrated Approach to the Fundamentals of Accounting,200.0
Management Accounting A Complete Study,150.0
Business Banking 101,25.0
Corso introduttivo al trading profittevole,20.0
How to Pick Stocks,20.0
Forex Management - Detailed Study for CA / CS / CFA Exams,50.0
Super Fast Accounting - the fastest way to do your books,25.0
Trading: High-ROI Trading,190.0
CFA Level I Workshop 2: Financial Reporting & Analysis I,20.0
Surpassing Your Kickstarter Goals,30.0
CFA® Level 1 2014 – Portfolio Management,40.0
Mastering Candlestick Charting : High Probability Trading,50.0
Understanding The Stock Market: For Beginners,25.0
Options Basics & Trading With Small Capital! - Level 1,30.0
Analyze Real Estate Investments | Financial Modeling,20.0
CFA® Level 1 2014 – Quantitative Methods,50.0
Small Business and Managerial Accounting Training Tutorial,20.0
An Introduction to Management of Portfolios (MoP),20.0
Professional Risk Manager (PRM) Certification: Level 1,50.0
"Trade Stocks, Forex & Financial Markets like a Professional",20.0
BITCOIN VISUALLY. Part I.,50.0
資産運用の基礎を学ぶファイナンス入門,20.0
Case Studies in Macro Economics,50.0
Aktiver Vermögensaufbau mit ETF,20.0
Introduction to Financial Statements,40.0
Aprende a Ganar Dinero en la Bolsa,30.0
Ethereum Course for Investors,40.0
"CFA Level I Workshop 5: Corp Finance, Quants II & Derivative",20.0
CFA Level 1 - Derivatives,30.0
Accounting - Basic Costing,40.0
Bonds For Beginners - A Guide To The Bond Markets,20.0
Learn to Trade Forex Big U-Turn Trade,50.0
Curso Avanzado de Trading,125.0
Essentials Of Swing Trading Stocks,20.0
Simple Options Trading System,35.0
Stock Trading: Insider Tips For Determining Market Direction,95.0
How To Trade RSI Pullback Strategy: Entry To Exit (Forex),150.0
Corporate Finance and Alternative Investment for CFA L1,20.0
The Binary Institute -  Binary Options Trading Course,200.0
カードゲームでカンタンに理解する！経済とお金のキホン,20.0
CPA 10 COMPLETO,25.0
Innovators and innovation: Travel through time!,50.0
Forex Trading : Power Of Moving Averages,200.0
Corporation Tax Returns UK,50.0
Basics of Trading,40.0
Trading For Busy People,50.0
Introduction to the economics of public services regulation,80.0
Certificate in MYOB AccountRight Premier 2017 Course,200.0
The Psychology of Trading,20.0
Start Trading Stocks Using Technical Analysis! Part 2,95.0
Stock Trading Essentials for Day Traders,100.0
Learn Stock Options: Options Made Simple 101,35.0
Trading Intradiario basado en Precio y Volumen,40.0
Professional Bookkeeping & Accounting 2 - Bank Daybook,35.0
Commodity Futures Day Trading Strategies,95.0
Gana en la Bolsa con Análisis Técnico,25.0
株式投資で本当のファンダメンタル分析ができるようになる,20.0
Intermediate Accounting 1: Easy. Fast. Simple!,200.0
Numeracy skills in business and everyday life:Think and Deal,20.0
Learn the Forex Naked Price Action Pogo Trade,60.0
Learn to Trade Forex - from Beginner to Professional,195.0
How To Earn Some Bitcoin Every Time You Use A Search Engine,20.0
Financial Risk Manager (FRM) Certification: Level I,50.0
Financial Accounting Made Easy for All,20.0
The Truths about (in)secure Retirement,200.0
Financial Risk Manager (FRM) Certification: Level II,50.0
Learn How to Profit In Forex With Market Rhythms,20.0
Beginner Financial Analysis: Invest Like Warren Buffett,50.0
FX Commodity Chart Trading Patterns for Success,50.0
Professional Bookkeeping & Accounting 4:Trial Balance & More,35.0
Professional Bookkeeping and Accounting 3: Double Entry,35.0
Hot Trading Investing Strategy: ETF and Futures,50.0
Learn the Foundations of Stocks and Options,50.0
Stock Trading Strategies: Profitable Trading in 7 Days.,50.0
Introduction to Day Trading,50.0
Learn Financial Accounting Different,20.0
Basel II,50.0
Budgeting for Business,40.0
Accounting Skills for Managers,20.0
Formação de preços em serviços,35.0
Aprenda Cálculo Financeiro de Forma Simples,20.0
Finanzas Personales para Vivir Libre de Deudas,75.0
Learn to trade Chart Patterns,20.0
Value Investing and Stock Market Fundamentals,195.0
Matemática Financeira com HP12C e MS Excel,20.0
"Buying, Selling, and Storing Precious Metal",20.0
Trading mit kleinen Konten - Grundlagen die du kennen musst,80.0
IFRS Financial Reporting,55.0
Socorro! Preciso Organizar as Minhas Finanças!,20.0
Investments and Financial Markets,40.0
"CFA Level I Workshop 6: Alternatives, PM and Economics",20.0
CFA Level I Workshop 3: Financial Reporting & Analysis II,20.0
How to be A High Performance Insurance Broker Part 2,40.0
Binary Options Masterclass,200.0
Trading: How Transformative Learning Drives Expertise,30.0
株式投資で本当のテクニカル分析ができるようになる,20.0
Forex For Beginners - A Guide To Currency Trading,20.0
Trade RSI Breakout Strategy: Great Risk/Reward Ratio (Forex),200.0
Einnahmen aus Udemy-Kursen als Dozent korrekt versteuern,30.0
Disminuye deudas en tu hogar en menos de 30 días,20.0
Stocks For Beginners - A Guide To Investing,20.0
Learn How To Successfully Trade Forex: In 5 Simple Steps,95.0
Aprenda a Investir no Tesouro Direto Passo a Passo,35.0
"Internal Controls - Design, Implementation and Monitoring",195.0
Bitcoin Profits for Beginners,100.0
Bookkeeping Made Simple,40.0
What is Bitcoin,20.0
Investiere in Tax Liens-Hohe Zinsen gesetzl. festgeschrieben,20.0
Short Straddles - Exploit Earnings Option Volatility Crush,60.0
Investing: How to Fix Hidden Flaws Inside Your Portfolio,195.0
株式投資に向く性格に変えるための心理学を学ぶ,20.0
"Bitcoin: el futuro del dinero, hoy",200.0
Trading Forex - Trader avec les figures harmoniques,90.0
Forex Trading :RSI Indicator-A Secret Weapon,95.0
Profit During Crashing Markets: A Step-by-Step Guide,195.0
Hedge Fund Trading Systems Part Two - Stocks & ETFs,200.0
Read financial statements as a stock investor,20.0
Professional Risk Manager (PRM) Certification: Level 3,50.0
Professional Forex Strategy+2 weeks for FREE trading alerts,95.0
FOREX : LearnTo Trade the Improved ( Advanced ) Patterns,75.0
Introduction to Futures Trading and Live Trade Demonstration,60.0
Forex Trading Profit 183%p.a : Trend is Our Friend-ALGOTREND,120.0
Master The Psychology of Forex & Binary Options Trading,20.0
Hedge Fund Trading Systems For Stocks - Part One,200.0
The Advantages of ETF Options and Index Options Trading,60.0
Learn Options on Futures for Hedging Options and Stocks,60.0
"Day trading strategy for all level, with 72% success rate",95.0
Year-end QuickBooks Procedures,20.0
Forex - Trade Gartley with Precision - Complete Strategy,20.0
"Fixed Income Valuation and Analysis, CFA L2",20.0
Finanzas y Análisis Financiero: Manejo Seguro de Negocios,20.0
ACCA FA1 Recording Financial Transactions,50.0
Master The Stock Market with practice,35.0
How to read a Profit & Loss Account and Balance Sheet,20.0
Mit Finanzwissen zu besserem Unternehmertum,50.0
Trader sur le Forex avec Ichimoku,90.0
Exam 1 Review - Managerial Accounting (U of H),30.0
Financial Model Fundamentals-Learn the Essential Skills,75.0
Smart Trading Techniques for Safe & Consistent Weekly Result,100.0
Forex trading made simple,100.0
Financial Accounting Part I - Passing the Class,20.0
Financial Reporting A Comprehensive Study,50.0
Introduction to Trade Theory (Technical Analysis) For Stocks,20.0
15 Mandamientos para ganar dinero en Bolsa,20.0
Financial and Business Simulation with Microsoft Excel,20.0
DIY: Reduce Unpaid Federal Tax thru  IRS Offer in Compromise,20.0
Intro to Impact Investing,200.0
Curso de Trading práctico basado en casos reales,20.0
Practical Trading on Financial Futures & Options Markets,50.0
How To Crowdfund,30.0
Learn and Master the Basics of Finance,20.0
TopTrader Academy - Complete Options Course,150.0
Do Your Own Accounts,35.0
Forex: Economic News Trading,25.0
Professional Risk Manager (PRM) Certification: Level 2,50.0
【個人事業主向け】青色申告の記帳を自力で行うための複式簿記の基本,30.0
3 documentos clave para administrar tu empresa con éxito,45.0
Beginners Chart Patterns Trading for Penny Stocks,200.0
Basic Technical Analysis,50.0
Technical Analysis: Understanding Price Action,45.0
Using Xero for your bookkeeping needs do beautiful business,95.0
Forex - Price action Reversal Strategy,20.0
Fundraising Success: The Art & Science of Major Gifts,50.0
Professional Risk Manager (PRM) Certification: Level 4,50.0
Introduction to Accounting - Analyzing Financial Statements,60.0
Accounting 101-Master Class for Understanding Business,20.0
Bitcoin For Beginners,50.0
Finance Fundamentals for Non Finance Leaders,20.0
Strategy layout and Backtesting,200.0
Succeed at Options Even If You Don't Know Where to Start,200.0
FOREX Currency Trading For Beginners,25.0
Complete Guide to Business Loans,30.0
Aprenda  a Investir,20.0
Forex Trading System: Correlation EUR/GBP vs GBP/USD,50.0
An Abundance Mindset: How to Craft Yours,50.0
Breakout Patterns Workshop by Pattern Trader,60.0
Trade Show Samurai,95.0
Precificação - Calculando valor de venda baseado nos custos,35.0
Crowdfunding for Filmmakers,65.0
Straight From Business School: Create Financial Statements,20.0
Forex online live trading system (Special Offer),200.0
Curso de Iniciación al Trading,85.0
Análise de Concessão de Crédito,20.0
Filing with Companies House UK,30.0
Bank Reconciliation & VAT on Excel,20.0
Stock Trading with this Strategy,50.0
Harnessing the Power of Growth Stocks,50.0
Your Business by the Numbers,25.0
Introduction To The World Of Equity Finance,20.0
バイナリーオプション取引,85.0
Optimize! Make Best Decisions with Microsoft Excel,20.0
Precious Metal Equities,20.0
Learn to invest in the Stock Market,40.0
Manual Bookkeeping,20.0
International Tax - Tax Beyond boundaries,100.0
Learn the Basics of the Wave Principle:,30.0
Finanzas personales: Logrando la Libertad Financiera,30.0
Cómo Crear Políticas Contables bajo NIIF para PYMES,20.0
Get Credit for Your EIN That's Not Linked to Your SSN,20.0
Breakeven Analysis and Pricing,20.0
Introduction to Health Financing,85.0
Legal Accounting,110.0
Fundraising 101,95.0
Accounting Cycle: Learn the concepts in 60 minutes,20.0
Aprende a invertir practicando,35.0
ChalkTalk: Financial Accounting,20.0
Cómo usar Metatrader 4 para hacer trading?,20.0
Торговля дельта-нейтральными стренглами,150.0
UK Self Assessment Tax Return Filing Online,20.0
Bookkeeping made simple,30.0
"The True ' Secret Sauce For Stock Market Success""",200.0
Practical Financial Statement Analysis,75.0
Covered Calls - Powerful Income Strategy for Stock Traders,60.0
Excelを使ってビジネスシミュレーション：基礎編,85.0
Le basi del Trading,200.0
Raising Capital for Your Business,50.0
Five steps to becoming a winner in stock investing,20.0
Introduction to Financial Consolidation under IFRS,25.0
The Forex Pivot Points Trading Strategy,20.0
Forex Trading Plan,50.0
Energiespar-Formel // Mehr Geld durch Wasser sparen Zuhause,50.0
Bookkeeping Systems,20.0
Торговля опционами: Как заработать на волатильности,150.0
High-Frequency Trading & Dark Pools,40.0
Budget preparation for an EU project proposal,50.0
Forex - Top Equity Management Strategy,20.0
Estruturação Financeira,45.0
3 Little Pigs: A Multiple Timeframe Forex Trading Strategy,20.0
Introduction to the 8 Pillars for Accountants,20.0
Financial Accounting Plus Excel and SAP Crash Course.,20.0
Mastering the Market : (Technical Analysis + Candlestick),90.0
The Investment Banking Recruitment Series,40.0
Day Trading: High ROI Day Trading,150.0
What You Should Know to Become a Trader,125.0
Understanding Financial Derivatives,20.0
Advanced Butterfly Spreads for Options Income Strategies,60.0
MQL5 - Beginner To Expert,45.0
Flow Management and Forecasting,20.0
Investimento em Ações,20.0
FX Trading for Beginners,20.0
Aprende desde cero a operar el mercado de divisas FOREX,90.0
ACCA MA1 Management Information,50.0
Condor Broken Wing Butterfly Options Trading Course System,0.0
Business Accounts For Managers,30.0
Financial Accounting Part 2 - Passing The Class,20.0
"Excel 4 Accounting & Bookkeeping - Master Date,Time & Text",35.0
Estrategias de trading en bolsa,25.0
Complete Short Financial Ratio Course for Financial Analysis,200.0
Forex: Presentation and Analysis (Fundamental & Technical),50.0
Wie funktionieren Bitcoin? Ein Einführungskurs.,20.0
Trading con retrocesos de Fibonacci,25.0
Mastering Countertrend Trading : High Profit Trading Pattern,40.0
Forex:Trade Management & Psychology,150.0
10 Numbers Every Business Owner Should Know,20.0
The Complete Investing Guide: How to Beat Wall Street,50.0
Price Action Gap Trading Strategies,20.0
"SAP Crystal Reports:Master-Detail,Cross-Tab,Sub-Reports",50.0
How To Pay Less Tax (UK version),50.0
Le bitcoin et la blockchain,80.0
Financial Modelling in Excel Step by Step,20.0
How to trade options,45.0
high swing - كورس لتعليم جميع مراحل احتراف تداول الفوركس,100.0
Read financial statements like a pro,50.0
International Trade and New Geographic Economy,20.0
School of Raising Capital: Agile Financial Modeling,20.0
Sell like a Pro: Insider Secrets of Successful Selling!,115.0
Forex - Help I cant Trade,200.0
Como hacer empresa en 10 sesiones prácticas,20.0
"Term Loan Appraisal for bankers, credit analysts",20.0
Eu Funding: Module 2 - Introduction to Horizon 2020,20.0
Start Now: A Rescue Plan for Retirement Late Savers,150.0
Managerial Accounting - The Ultimate Beginner Course!,100.0
Forex Basics: Learn how to read and analyze Forex charts,195.0
Tax made simple for Limited Company Owners and Contractors,50.0
Start-up financial modeling for non-finance professionals,20.0
Profits Turbo,20.0
2. Principles of Simple Interest - advanced problems,20.0
La costruzione del budget di una proposta comunitaria,50.0
Analysis and Evaluation of Economic Feasibility of Projects,100.0
"Forex trading tactics, that work!",20.0
Basics of Private Equity,60.0
Bitesize Bookkeeping for busy people,20.0
Financial Accounting - The Ultimate Beginner Course,100.0
Advanced Technical Analysis PART1!,100.0
Forex/Opciones Binarias para Principiantes,25.0
Easy Finance For Startups,50.0
المحاسبة للإداريين و غير المحاسبين,20.0
The Visual Learning Basic Accounting Course,20.0
Estrategias de Inversión aplicadas al mundo del trading,20.0
Financial Modeling - Facebook Case Study,25.0
Complete GST Course For Small and Medium Enterprises,75.0
Trading Options Basics,200.0
Forex Trading: The High ROI Forex Trading End of Day Course,125.0
System of Asset Management for Professionals (SAMP),50.0
How to invest in Forex Trading & add an additional income,50.0
QuickBooks Online : Inventory Management For Non-Finance,35.0
"Double Your Salary With Free, Local, Job Training Courses",20.0
Don't Let Your Customers Run Your Business,50.0
The 7 fundamentals to Successful Cashflow Management,25.0
"Depreciation, Amortization and Depletion",25.0
Fundraise the Simplified Way: A Crowdfunding Blueprint,35.0
An Introduction to Financial Markets on Wall Street,30.0
Accounting Basics 101 for Understanding Business,20.0
Xero Bookkeeping Course & Certification by Accounting Firm,20.0
The Complete Litecoin Crypto Currency Bootcamp,20.0
Learn Financial Modeling from Scratch - Part1,50.0
Le basi del trading online,45.0
How to trade in the Forex market,200.0
Aprende a llevar la contabilidad de forma informatizada,25.0
Nest Egg Investing,45.0
Trading Tips from Hedge Fund Manager,50.0
Accounting and the Triple Bottom Line,30.0
A Practical Guide to Wealth Creation,35.0
Write a Successful Business Grant Proposal,20.0
Caza los Enormes Movimientos del Mercado,20.0
Series 7: Intermediate Options,55.0
Effective Debt Collection Strategies,40.0
Create Trading Robot Without Coding Skills!,145.0
How to Read Financial Statements,20.0
8 Steps To Achieve Financial Freedom And Escape Debt,40.0
Financial Statement Review 101: How to Find Errors,30.0
Tally ERP Complete Training in Urdu / Hindi,30.0
Accounting and Business Basics,200.0
Trading Forex - L'analyse des volumes,70.0
Win 90% of Trades; Quantitative Investments Models in Excel,200.0
Technical Charting,20.0
"Working Capital assessment for bankers, credit analysts",20.0
"How to Get Growing, Passive Income from the Fortune 500!",25.0
Managing Budgets in the Public and Non Profit Sector,95.0
A Guide To Trade Binary Options Like An Expert,55.0
Dash Crypto Currency Technical and Trading Overview Bootcamp,20.0
"Basics of Fixed Income Valuation, CFA Level I 2017 Prep",20.0
Contabilità Generale,200.0
Chief Wealth Officer,45.0
Black Scholes Option Pricing Model,25.0
How to invest in Russian equity market,30.0
Forex Trading for Beginners Vol 1:A Forex Course Made Simple,175.0
Learn The ABC's Of Investing And Understanding True Financial Value,20.0
Credit Control Procedures,20.0
Accounting Simplified,30.0
The Fast Route to a Faster Financial Close,50.0
Economics for beginners - Various Concepts,25.0
Investing in Stocks & Shares,20.0
Learn How To Trade Gold In 2017,200.0
"Geometry Of Chance strategy of defeating the roulette.""",30.0
Handle difficult questions the bank manager will ask you,20.0
Introduction to Bitcoin for Beginners,20.0
Reach Your Personal Financial Goals the Easy Way (2017 UK),95.0
Learn Financial Modeling from Scratch - Part 2,50.0
Learn Financial Modeling from Scratch - Part 3,50.0
Financial Reporting - Fundamentals/Basics,20.0
UK Tax Returns with HMRC,40.0
Practical Accounts Training A,35.0
Coaching Course:Investment Analysis for your clients,200.0
Trading Basics in 30 minutes,50.0
Profit and Loss Account for bankers and credit analysts,20.0
Corporate Internal Controls and Fraud Controls,50.0
Bitcoin & Ethereum Course (2 Course Bundle),200.0
The Latest Updates 2016 Financial Accounting Standards Board,50.0
FMT: Forex Market Trader Certificate,20.0
Six Stage Negotiation,30.0
Financial Market Environment & Investment Strategies,105.0
How to Obtain a Business Loan,20.0
Psicología del trading,20.0
"Erfolgreich als Signalgeber/in, per Social- und Copytrading",60.0
"Intro. to Asset-Backed Securities, CFA Level I,  2017 Prep",20.0
Bookkeeping Practicals with Software,35.0
Decide whether to Invest in a Business,20.0
Ratio analysis for bankers and credit analysts,20.0
Intro to Financial Statement Audits,50.0
Basic Bookkeeping,35.0
Options Trading Foundation: Your journey to competency...,95.0
Core Financial Statement Concepts,50.0
CFA Level 2- Quantitative Methods,40.0
"Credit concepts and checklist for bankers, credit analyst",20.0
Planning and Executing a Financial Statement Audit,50.0
Best Practices in Corporate Budgeting,50.0
Ratio Analysis for Financial Statements,50.0
Essentials of money value: Get a financial Life !,20.0
Forex how traders beat the markest with little experience,100.0
beginning accounting,20.0
Practical Film Financing: Finding & Pitching Investors,100.0
Learn to trade using technical analysis,50.0
Building a Balanced Scorecard,50.0
Stop Creditors from Harassing you and Avoid Bankruptcy,20.0
Kickstarter success in 5 easy steps,20.0
Understanding Financial Statements,25.0
How to achieve personal transformation,20.0
Free Ways to Create Passive Income Online,25.0
Corporate Ethics,100.0
Understand Core Finance Principles in 60 Minutes,75.0
Evolution and Features of ETFs,100.0
How to Invest Using ETFs from Former Wall Street Trader,200.0
Workshop on Banking Credit Analysis Process,100.0
The Cuckoo Strategy to get European Funding,160.0
Accounting - The 6 most important rules you must learn,20.0
Mutual Funds for Investors in Retirement Accounts,20.0
Introduction to Forex Trading Business For Beginners,20.0
Cryptocurrency (BTC & ETH) Investment & Trading Course 2017,20.0
Introduction to Project Management for Finance and Acct'g,50.0
Case studies on credit appraisal for bankers,20.0
Foundations of Investing,40.0
60 Minutes to Fundamental Accounting Skills,75.0
Teeter-Totter Accounting,90.0
Financial Statement Auditing Cycles,50.0
The Cash Flow Statement - An Introduction,50.0
,
